‚Ññ,–ú–æ–∏ –≤–æ–ø—Ä–æ—Å—ã / –£—Ç–æ—á–Ω–µ–Ω–∏—è (–ö–æ–ª–æ–Ω–∫–∞ 6),–ö–∞–∫ —è –ø–æ–Ω—è–ª (–° –£–ö–ê–ó–ê–ù–ò–ï–ú –ò–ù–¢–ï–†–§–ï–ô–°–û–í),–í–æ–ø—Ä–æ—Å –∫ –ø–æ–ª—å–∑–æ–≤–∞—Ç–µ–ª—é,–û—Ç–≤–µ—Ç / –¥–æ–ø–æ–ª–Ω–µ–Ω–∏–µ –ø–æ–ª—å–∑–æ–≤–∞—Ç–µ–ª—è,–ú–æ–∏ –≤–æ–ø—Ä–æ—Å—ã / –£—Ç–æ—á–Ω–µ–Ω–∏—è (–ö–æ–ª–æ–Ω–∫–∞ 6),–ú–æ–∏ –æ—Ç–≤–µ—Ç—ã –ø–æ —É—Ç–æ—á–Ω–µ–Ω–∏—è–º
1,–ü—Ä–∏–Ω—è—Ç–æ. –†–µ–∞–ª–∏–∑—É—é maxLength={90}.,[–ö–ª–∏–µ–Ω—Ç > –°–æ–∑–¥–∞–Ω–∏–µ –∑–∞–∫–∞–∑–∞] –£—Å—Ç–∞–Ω–æ–≤–∏—Ç—å –∂–µ—Å—Ç–∫–∏–π –ª–∏–º–∏—Ç –≤–≤–æ–¥–∞ –≤ –ø–æ–ª–µ ¬´–ù–∞–∑–≤–∞–Ω–∏–µ –¥–µ—Ç–∞–ª–∏¬ª (input maxLength={90}).,,,–ü—Ä–∏–Ω—è—Ç–æ. –†–µ–∞–ª–∏–∑—É—é maxLength={90}.,
2,"–ü—Ä–∏–Ω—è—Ç–æ. –¢–∏–ø –ø–æ–ª—è number, –≤–∞–ª–∏–¥–∞—Ü–∏—è >1000.","[–ö–ª–∏–µ–Ω—Ç > –°–æ–∑–¥–∞–Ω–∏–µ –∑–∞–∫–∞–∑–∞] –ü–æ–ª–µ ¬´–ö–æ–ª–∏—á–µ—Å—Ç–≤–æ¬ª. –ï—Å–ª–∏ –≤–≤–µ–¥–µ–Ω–æ —á–∏—Å–ª–æ > 1000, –∞–≤—Ç–æ–∑–∞–º–µ–Ω–∞ –Ω–∞ 1000.",,"–°—Ç—Ä–æ–∫–∞ –¥–æ–ª–∂–Ω–∞ –±—ã—Ç—å —á–∏—Å–ª–æ, —á—Ç–æ–±—ã –Ω–µ –±—ã–ª–æ –≤–æ–∑–º–æ–∂–Ω–æ—Å—Ç–∏ —É–∫–∞–∑–∞—Ç—å –ª–∏—à–Ω–∏–π —Å–∏–º–≤–æ–ª","–ü—Ä–∏–Ω—è—Ç–æ. –¢–∏–ø –ø–æ–ª—è number, –≤–∞–ª–∏–¥–∞—Ü–∏—è >1000.",
3,"–í–∞–∂–Ω—ã–π –≤—ã–±–æ—Ä: –ß—Ç–æ–±—ã –ø–æ–∫–∞–∑—ã–≤–∞—Ç—å —Ä–µ–∞–ª—å–Ω—ã–π ID (ORD-57907) —Å—Ä–∞–∑—É, –∫–ª–∏–µ–Ω—Ç—É –ø—Ä–∏–¥–µ—Ç—Å—è –∂–¥–∞—Ç—å –æ—Ç–≤–µ—Ç–∞ —Å–µ—Ä–≤–µ—Ä–∞ (1-3 —Å–µ–∫) –ø–µ—Ä–µ–¥ –ø–æ–∫–∞–∑–æ–º —É–≤–µ–¥–æ–º–ª–µ–Ω–∏—è ¬´–£—Å–ø–µ—à–Ω–æ¬ª. –°–µ–π—á–∞—Å —Å–¥–µ–ª–∞–Ω–æ –º–≥–Ω–æ–≤–µ–Ω–Ω–æ (–æ–ø—Ç–∏–º–∏—Å—Ç–∏—á–Ω–æ), –ø–æ—ç—Ç–æ–º—É ID –≤—Ä–µ–º–µ–Ω–Ω—ã–π. –£–±–∏—Ä–∞–µ–º –º–≥–Ω–æ–≤–µ–Ω–Ω–æ—Å—Ç—å —Ä–∞–¥–∏ —Ç–æ—á–Ω–æ–≥–æ ID?",[–ö–ª–∏–µ–Ω—Ç/–ü–æ—Å—Ç–∞–≤—â–∏–∫ > –°–ø–∏—Å–æ–∫] 1. –£—Å–∫–æ—Ä–∏—Ç—å –æ–±–Ω–æ–≤–ª–µ–Ω–∏–µ —Å–ø–∏—Å–∫–∞ –ø–æ—Å–ª–µ —Å–æ–∑–¥–∞–Ω–∏—è (–æ–ø—Ç–∏–º–∏—Å—Ç–∏—á–Ω—ã–π UI). 2. –°–æ—Ä—Ç–∏—Ä–æ–≤–∫–∞ –ø–æ —É–º–æ–ª—á–∞–Ω–∏—é: –ù–æ–≤—ã–µ —Å–≤–µ—Ä—Ö—É. 3. –î–æ–±–∞–≤–∏—Ç—å —è–≤–Ω—É—é –∫–Ω–æ–ø–∫—É —Å–æ—Ä—Ç–∏—Ä–æ–≤–∫–∏ (‚Üë‚Üì).,–õ–∞–≥ ‚Äî —ç—Ç–æ –∑–∞–¥–µ—Ä–∂–∫–∞ –ø–æ—è–≤–ª–µ–Ω–∏—è –≤ —Å–ø–∏—Å–∫–µ –∏–ª–∏ —Å–∞–º–æ –ø—Ä–∏–ª–æ–∂–µ–Ω–∏–µ ¬´—Ç–æ—Ä–º–æ–∑–∏—Ç¬ª?,"–í–∏–¥–∏–º–æ –ª–∞–≥ –≤–æ–∑–Ω–∏–∫–∞–µ—Ç –∏–∑-–∑–∞ –ø—É—Ç–∞–Ω–∏—Ü—ã. –ö–∞–∂–µ—Ç—Å—è, —á—Ç–æ —Å–Ω–∞—á–∞–ª–∞ –Ω—É–∂–Ω–æ –∏—Å–ø—Ä–∞–≤–∏—Ç—å –ø—É—Ç–∞–Ω–Ω–∏—Ü—É –∏ –≤—Å—ë —Å—Ç–∞–Ω–µ—Ç –ø–æ–Ω—è—Ç–Ω–æ. –ü—É—Ç–∞–Ω–∏—Ü–∞ —É–∫–∞–∑–∞–Ω–∞ –≤ –ø. 5 ""–ø—É—à ..."". –¢–∞–∫ –ø–æ–ª—É—á–∞–µ—Ç—Å—è, —á—Ç–æ–±—ã —Ä–µ–∞–ª–∏–∑–æ–≤–∞—Ç—å —ç—Ç–æ—Ç –ø—É–Ω–∫—Ç –Ω—É–∂–Ω–∞ –∫–Ω–æ–ø–∫–∞ —Å–æ—Ä—Ç–∏—Ä–æ–≤–∫–∏ –ø–æ –∫–æ–ª–æ–Ω–∫–∞–º –∏ —Å–¥–µ–ª–∞—Ç—å —Ç–∞–∫, —á—Ç–æ–±—ã –≤ –ü–£–® –±—ã–ª–∏ –≤–µ—Ä–Ω—ã–µ —É–≤–µ–¥–æ–º–ª–µ–Ω–∏—è –∏ –≤ —à–∞–ø–∫–µ –æ—Ä–¥–µ—Ä–∞ –∫–æ–Ω–µ—á–Ω–æ –∂–µ. 

–¢–æ–ª—å–∫–æ —á—Ç–æ —Ç–µ—Å—Ç–∏—Ä–æ–≤–∞–ª, –∑–∞–∫–∞–∑ —è —Å–æ–∑–¥–∞–ª –æ—Ç –∫–ª–∏–µ–Ω—Ç–∞, –≤ –∏–Ω—Ç–µ—Ä—Ñ–µ–π—Å–µ –∫–ª–∏–µ–Ω—Ç–∞ –æ–Ω –ø–æ–∫–∞–∑–∞–Ω –∫–∞–∫ ORD-TX-0540, –≤ sheets –æ–Ω = ORD-57907, –∞ —á–µ—Ä–µ–∑ –≤—Ä–µ–º—è –≤ –ª–∏—Å—Ç–∏–Ω–≥–µ , –≤ —à–∞–ø–∫–µ, –æ–Ω –º–µ–Ω—è–µ—Ç—Å—è –Ω–∞ —Ç–æ—Ç, —á—Ç–æ –≤ Sheets. –ê –ø–æ —Å—É—Ç–∏ –¥–æ–ª–∂–µ–Ω —Å—Ä–∞–∑—É.","–í–∞–∂–Ω—ã–π –≤—ã–±–æ—Ä: –ß—Ç–æ–±—ã –ø–æ–∫–∞–∑—ã–≤–∞—Ç—å —Ä–µ–∞–ª—å–Ω—ã–π ID (ORD-57907) —Å—Ä–∞–∑—É, –∫–ª–∏–µ–Ω—Ç—É –ø—Ä–∏–¥–µ—Ç—Å—è –∂–¥–∞—Ç—å –æ—Ç–≤–µ—Ç–∞ —Å–µ—Ä–≤–µ—Ä–∞ (1-3 —Å–µ–∫) –ø–µ—Ä–µ–¥ –ø–æ–∫–∞–∑–æ–º —É–≤–µ–¥–æ–º–ª–µ–Ω–∏—è ¬´–£—Å–ø–µ—à–Ω–æ¬ª. –°–µ–π—á–∞—Å —Å–¥–µ–ª–∞–Ω–æ –º–≥–Ω–æ–≤–µ–Ω–Ω–æ (–æ–ø—Ç–∏–º–∏—Å—Ç–∏—á–Ω–æ), –ø–æ—ç—Ç–æ–º—É ID –≤—Ä–µ–º–µ–Ω–Ω—ã–π. –£–±–∏—Ä–∞–µ–º –º–≥–Ω–æ–≤–µ–Ω–Ω–æ—Å—Ç—å —Ä–∞–¥–∏ —Ç–æ—á–Ω–æ–≥–æ ID?","–î–∞–≤–∞–π —Å–¥–µ–ª–∞–µ–º —Ç–∞–∫, —Å–æ–∑–¥–∞—Ç—å —Å—Ç—Ä–æ–∫—É —Å –æ—Ä–¥–µ—Ä–æ–º —Å—Ä–∞–∑—É, –∞ –≤ –º–µ—Å—Ç–µ –≥–¥–µ ID –ª–æ–∞–¥–µ—Ä ""—Ä–µ–≥–∏—Å—Ç—Ä–∞—Ü–∏—è"", –∫–æ–≥–¥–∞ –≥–æ—Ç–æ–≤–æ - –ø–æ–∫–∞–∑–∞—Ç—å –∏ –ø–æ–∫–∞–∑–∞—Ç—å –ü–£–®"
4,"–ü–æ–Ω—è–ª. –≠—Ç–æ –ª–æ–∫–∞–ª—å–Ω—ã–π —Ñ–∏–ª—å—Ç—Ä –ø–æ —É–∂–µ –∑–∞–≥—Ä—É–∂–µ–Ω–Ω—ã–º –∑–∞–∫–∞–∑–∞–º –∫–ª–∏–µ–Ω—Ç–∞ (–ø–æ–∏—Å–∫ –ø–æ ID, –¥–µ—Ç–∞–ª—è–º, –∞–≤—Ç–æ).","[–ö–ª–∏–µ–Ω—Ç > –î–∞—à–±–æ—Ä–¥] –î–æ–±–∞–≤–∏—Ç—å —Å—Ç—Ä–æ–∫—É –ø–æ–∏—Å–∫–∞ (–∫–∞–∫ —É –ø–æ—Å—Ç–∞–≤—â–∏–∫–∞/–∞–¥–º–∏–Ω–∞) –Ω–∞–¥ —Å–ø–∏—Å–∫–æ–º –∑–∞–∫–∞–∑–æ–≤. –ü–æ–∏—Å–∫ –ø–æ ID, VIN, –î–µ—Ç–∞–ª–∏.",,"–ù–µ–ø—Ä–∞–≤–∏–ª—å–Ω—ã–π –ø—É—Ç—å —Ç—ã —É–∫–∞–∑–∞–ª. –î–∞, –≤ –∏–Ω—Ç–µ—Ä—Ñ–µ–π—Å–µ –∫–ª–∏–µ–Ω—Ç–∞, –Ω–∏–∂–µ –∫–Ω–æ–ø–∫–∏  –æ—Ç–ø—Ä–∞–≤–∏—Ç—å —Ç–∞–∫–æ–π –∂–µ –ø–æ–∏—Å–∫ –∫–∞–∫ —É –ø–æ—Å—Ç–∞–≤—â–∏–∫–∞, –Ω–æ —Ä–∞–±–æ—Ç–∞–µ—Ç –æ–Ω –ø–æ –æ—Ä–¥–µ—Ä–∞–º –∫–ª–∏–µ–Ω—Ç–∞, –º–æ–≥—É –ø–æ –ø–æ–∑–∏—Ü–∏—è–º, —Å–≤–æ–π—Å—Ç–≤–∞–º –∏ —Ç–¥.","–ü–æ–Ω—è–ª. –≠—Ç–æ –ª–æ–∫–∞–ª—å–Ω—ã–π —Ñ–∏–ª—å—Ç—Ä –ø–æ —É–∂–µ –∑–∞–≥—Ä—É–∂–µ–Ω–Ω—ã–º –∑–∞–∫–∞–∑–∞–º –∫–ª–∏–µ–Ω—Ç–∞ (–ø–æ–∏—Å–∫ –ø–æ ID, –¥–µ—Ç–∞–ª—è–º, –∞–≤—Ç–æ).",
5,"–†–µ—à–∏—Ç—Å—è –∞–≤—Ç–æ–º–∞—Ç–∏—á–µ—Å–∫–∏, –µ—Å–ª–∏ –≤ –ø.3 –≤—ã–±–µ—Ä–µ–º –æ–∂–∏–¥–∞–Ω–∏–µ —Å–µ—Ä–≤–µ—Ä–∞ (—Å–º. –≤–æ–ø—Ä–æ—Å –≤—ã—à–µ).","[Telegram –ë–æ—Ç] –ò—Å–ø—Ä–∞–≤–∏—Ç—å –±–∞–≥, –≥–¥–µ –≤ —É–≤–µ–¥–æ–º–ª–µ–Ω–∏–∏ –ø—Ä–∏—Ö–æ–¥–∏—Ç –Ω–µ–≤–µ—Ä–Ω—ã–π ID (–≤–æ–∑–º–æ–∂–Ω–æ, –≤—Ä–µ–º–µ–Ω–Ω—ã–π ID –≤–º–µ—Å—Ç–æ –ø–æ—Å—Ç–æ—è–Ω–Ω–æ–≥–æ).",–≠—Ç–æ –ø—Ä–æ–∏—Å—Ö–æ–¥–∏—Ç –ø—Ä–∏ —Å–æ–∑–¥–∞–Ω–∏–∏ –∑–∞–∫–∞–∑–∞ –∏–ª–∏ –ø—Ä–∏ —Å–º–µ–Ω–µ —Å—Ç–∞—Ç—É—Å–∞?,"–ü—É—à —É–≤–µ–¥–æ–º–ª–µ–Ω–∏—è –∏–º–µ–µ—Ç—Å—è –≤–≤–∏–¥—É –≤ –∏–Ω—Ç–µ—Ä—Ñ–µ–π—Å–µ, –Ω–∞ —Å–∞–π—Ç–µ, –Ω–µ –≤ –¢–ì!!!!","–†–µ—à–∏—Ç—Å—è –∞–≤—Ç–æ–º–∞—Ç–∏—á–µ—Å–∫–∏, –µ—Å–ª–∏ –≤ –ø.3 –≤—ã–±–µ—Ä–µ–º –æ–∂–∏–¥–∞–Ω–∏–µ —Å–µ—Ä–≤–µ—Ä–∞ (—Å–º. –≤–æ–ø—Ä–æ—Å –≤—ã—à–µ).",G4
6,–ü—Ä–∏–Ω—è—Ç–æ. –¢–µ–∫—Å—Ç: ¬´–í –æ—á–µ—Ä–µ–¥–∏¬ª.,"[–ö–ª–∏–µ–Ω—Ç > –ö–∞—Ä—Ç–æ—á–∫–∞ –∑–∞–∫–∞–∑–∞] –£–±—Ä–∞—Ç—å –∑–∞–≥–ª—É—à–∫—É/–ª–æ–∞–¥–µ—Ä ¬´–ü–æ–∏—Å–∫...¬ª –Ω–∞–ø—Ä–æ—Ç–∏–≤ –ø–æ–∑–∏—Ü–∏–π, –µ—Å–ª–∏ —Å—Ç–∞—Ç—É—Å –∑–∞–∫–∞–∑–∞ –ø—Ä–æ—Å—Ç–æ ¬´–û—Ç–∫—Ä—ã—Ç¬ª, –Ω–æ –ø–æ–∏—Å–∫ –µ—â–µ –Ω–µ –∏–¥–µ—Ç –∞–∫—Ç–∏–≤–Ω—ã–π.",–ó–∞–º–µ–Ω–∏—Ç—å –Ω–∞ –ø—É—Å—Ç–æ—Ç—É –∏–ª–∏ –Ω–∞ —Å—Ç–∞—Ç—É—Å ¬´–í –æ—á–µ—Ä–µ–¥–∏¬ª?,–°—Ç–∞—Ç—É—Å –≤ –æ—á–µ—Ä–µ–¥–∏,–ü—Ä–∏–Ω—è—Ç–æ. –¢–µ–∫—Å—Ç: ¬´–í –æ—á–µ—Ä–µ–¥–∏¬ª.,
7,–ü—Ä–∏–Ω—è—Ç–æ.,[–ü–æ—Å—Ç–∞–≤—â–∏–∫ > –°—Ç–∞—Ç–∏—Å—Ç–∏–∫–∞] –¢–µ–∫—Å—Ç–æ–≤–∞—è –ø—Ä–∞–≤–∫–∞: –≤–µ–∑–¥–µ —Å–ª–æ–≤–æ ¬´–û—Ä–¥–µ—Ä¬ª –º–µ–Ω—è–µ–º –Ω–∞ ¬´–ó–∞–∫–∞–∑¬ª.,,"–¢–∞–∫–∂–µ —Å–ª–æ–≤–æ ""–±–∞–∑–∞"" –Ω–∞ –ó–∞–∫–∞–∑",–ü—Ä–∏–Ω—è—Ç–æ.,
8,"–ö—Ä–∏—Ç–∏—á–Ω–æ –¥–ª—è –º–æ–±–∏–ª—å–Ω—ã—Ö: –¢–∞–±–ª–∏—Ü–∞ —Å 6 –∫–æ–ª–æ–Ω–∫–∞–º–∏ (ID, –ê–≤—Ç–æ, VIN, –ö–ª–∏–µ–Ω—Ç, –û—Ñ—Ñ–µ—Ä—ã, –î–∞—Ç–∞) –Ω–µ –ø–æ–º–µ—Å—Ç–∏—Ç—Å—è –Ω–∞ —ç–∫—Ä–∞–Ω–µ —Ç–µ–ª–µ—Ñ–æ–Ω–∞ ‚Äî –±—É–¥–µ—Ç –∫–∞—à–∞. –ü—Ä–µ–¥–ª–∞–≥–∞—é: –ù–∞ –ü–ö ‚Äî —Ç–∞–±–ª–∏—Ü–∞, –Ω–∞ –ú–æ–±–∏–ª—å–Ω–æ–º ‚Äî –æ—Å—Ç–∞–≤–ª—è–µ–º –∫–∞—Ä—Ç–æ—á–∫–∏. –°–æ–≥–ª–∞—Å–Ω—ã?",[–ö–ª–∏–µ–Ω—Ç > –°–ø–∏—Å–æ–∫] –í —Å—Ç—Ä–æ–∫—É –∑–∞–∫–∞–∑–∞ (—Å–≤–µ—Ä–Ω—É—Ç—É—é) –¥–æ–±–∞–≤–∏—Ç—å –¥–∞—Ç—É —Å–æ–∑–¥–∞–Ω–∏—è (DD.MM.YYYY).,,"–ü–æ–º–µ–Ω—è–µ–º –∑–∞–¥–∞—á—É. –≤ –∫–∞–∂–¥–æ–º –∏–Ω—Ç–µ—Ä—Ñ–µ–π—Å–µ –ª–∏—Å—Ç–∏–Ω–≥ –¥–æ–ª–∂–µ–Ω –±—ã—Ç—å –∫–∞–∫ —É –∞–¥–º–∏–Ω–∞ –≤ –ø–ª–∞–Ω–µ —Å–∞–º–æ–π —à–∞–ø–∫–∏ —Ç–∞–±–ª–∏—Ü—ã , –∫–æ—Ç–æ—Ä–∞—è –∑–∞—Ñ–∏–∫—Å–∏—Ä–æ–≤–∞–Ω–∞, –∞ –æ—Ä–¥–µ—Ä—ã –ø—Ä–æ—Å—Ç–æ —Ä–∞—Å–∫—Ä—ã–≤–∞—é—Ç—Å—è –ø–æ–¥ –Ω–µ–π 
ID
–ê–≤—Ç–æ–º–æ–±–∏–ª—å
VIN
–ö–ª–∏–µ–Ω—Ç (—Ç–æ–ª—å–∫–æ —É –∞–¥–º–∏–Ω–∞)
–û—Ñ—Ñ–µ—Ä—ã (—Ç–æ–ª—å–∫–æ —É –∞–¥–º–∏–Ω–∞)
–î–∞—Ç–∞
","–ö—Ä–∏—Ç–∏—á–Ω–æ –¥–ª—è –º–æ–±–∏–ª—å–Ω—ã—Ö: –¢–∞–±–ª–∏—Ü–∞ —Å 6 –∫–æ–ª–æ–Ω–∫–∞–º–∏ (ID, –ê–≤—Ç–æ, VIN, –ö–ª–∏–µ–Ω—Ç, –û—Ñ—Ñ–µ—Ä—ã, –î–∞—Ç–∞) –Ω–µ –ø–æ–º–µ—Å—Ç–∏—Ç—Å—è –Ω–∞ —ç–∫—Ä–∞–Ω–µ —Ç–µ–ª–µ—Ñ–æ–Ω–∞ ‚Äî –±—É–¥–µ—Ç –∫–∞—à–∞. –ü—Ä–µ–¥–ª–∞–≥–∞—é: –ù–∞ –ü–ö ‚Äî —Ç–∞–±–ª–∏—Ü–∞, –Ω–∞ –ú–æ–±–∏–ª—å–Ω–æ–º ‚Äî –æ—Å—Ç–∞–≤–ª—è–µ–º –∫–∞—Ä—Ç–æ—á–∫–∏. –°–æ–≥–ª–∞—Å–Ω—ã?","–í –ª—é–±–æ–º —Å–ª—É—á–∞–µ, –¥–ª—è –¥–µ—Å–∫—Ç–æ–ø–∞ - –∫–∞–∫ —è –æ–ø–∏—Å–∞–ª —Ä–∞–Ω–µ–µ, –≤ –º–æ–±–∏–ª–∫–µ –≤—Å—ë —Ä–∞–≤–Ω–æ –±–ª–æ–∫ –¥–æ–ª–∂–µ–Ω —Å—É—â–µ—Å—Ç–≤–æ–≤–∞—Ç—å –≤ —Ä–∞–∑–≤–µ—Ä–Ω—É—Ç–æ–º –æ—Ä–¥–µ—Ä–µ, –º–µ–∂–¥—É —à–∞–ø–∫–æ–π –∏ –Ω–∞—á–∞–ª–æ–º –ø–µ—Ä–µ—á–∏—Å–ª–µ–Ω–∏—è –ø–æ–∑–∏—Ü–∏–π"
9,–ü—Ä–æ–ø—É—Å–∫–∞–µ–º –≤ —ç—Ç–æ–π –∏—Ç–µ—Ä–∞—Ü–∏–∏.,[–ö–ª–∏–µ–Ω—Ç > –°–æ–∑–¥–∞–Ω–∏–µ –∑–∞–∫–∞–∑–∞] –ü–æ–ª–Ω–∞—è –ø–µ—Ä–µ–¥–µ–ª–∫–∞ —Ñ–æ—Ä–º—ã –∞–≤—Ç–æ. –í–Ω–µ–¥—Ä–µ–Ω–∏–µ –≤—ã–ø–∞–¥–∞—é—â–∏—Ö —Å–ø–∏—Å–∫–æ–≤. –ï—Å–ª–∏ –≤—ã–±—Ä–∞–Ω–æ ¬´–ù–µ—Ç –º–æ–µ–π –º–∞—Ä–∫–∏¬ª ‚Äî –ø–æ–∫–∞–∑–∞—Ç—å —Ç–µ–∫—Å—Ç–æ–≤–æ–µ –ø–æ–ª–µ. –î–æ–±–∞–≤–∏—Ç—å –ø–æ–ª–µ PartNumber –≤ –¥–µ—Ç–∞–ª–∏.,–°–ø–∏—Å–∫–∏ –º–∞—Ä–æ–∫ –∏ –º–æ–¥–µ–ª–µ–π –∑–∞—à–∏–≤–∞–µ–º –≤ –∫–æ–¥ (hardcode) –∏–ª–∏ —Ç—è–Ω–µ–º –∏–∑ –æ—Ç–¥–µ–ª—å–Ω–æ–≥–æ –ª–∏—Å—Ç–∞ —Ç–∞–±–ª–∏—Ü—ã? (–õ—É—á—à–µ –≤ –∫–æ–¥ –¥–ª—è —Å–∫–æ—Ä–æ—Å—Ç–∏),"–ü–æ–∫–∞ –∏–≥–Ω–æ—Ä–∏—Ä—É–µ–º –ø—É–Ω–∫—Ç, –Ω–æ –ø–æ–º–Ω–∏–º –ø—Ä–æ –Ω–µ–≥–æ",–ü—Ä–æ–ø—É—Å–∫–∞–µ–º –≤ —ç—Ç–æ–π –∏—Ç–µ—Ä–∞—Ü–∏–∏.,"–Ø –ø–µ—Ä–µ–¥—É–º–∞–ª. –î–∞–≤–∞–π —Å–¥–µ–ª–∞–µ–º. –≠—Ç–æ –ø–æ–ª–µ –¥–ª—è –≤–≤–æ–¥–∞, —Å –ø–æ–¥—Å–∫–∞–∑–∫–∞–º–∏ –∏ –≤–æ–∑–º–æ–∂–Ω–æ—Å—Ç—å—é –∏—Å–∫–∞—Ç—å –ø–æ —Å–ø–∏—Å–∫—É. –õ–∏–±–æ —è –≤–≤–æ–∂—É —Å–∏–º–≤–æ–ª—ã –∏ —É –º–µ–Ω—è —Å–æ–æ–∫—Ä–∞—â–∞–µ—Ç—Å—è —Å–ø–∏—Å–æ–∫ –∏–ª–∏ —è —Å–∞–º –≤—ã–±–∏—Ä–∞—é –≤ —Å–ø–∏—Å–∫–µ. –í–∞–∂–Ω–æ, –Ω—É–∂–Ω–æ –≤ —Å–ø–∏—Å–∫–µ —Ä–∞–∑–¥–µ–ª–∏—Ç—å –Ω–∞ 2 –∫–∞—Ç–µ–≥–æ—Ä–∏–∏, –ø–æ–ø—É–ª—è—Ä–Ω—ã–µ –∏ –≤—Å–µ. –≤–æ—Ç —Å–ø–∏—Å–æ–∫
–ü–æ–ø—É–ª—è—Ä–Ω—ã–µ :
- Lada (–í–ê–ó)
- Audi
- BMW
- Changan
- Chery
- Chevrolet
- Daewoo
- Ford
- Geely
- Haval
- Honda
- Hyundai
- Jaecoo
- JETOUR
- Kia
- Land Rover
- Lexus
- Mazda
- Mercedes-Benz
- Mitsubishi
- Nissan
- Omoda
- Opel
- Peugeot
- Renault
- Skoda
- Subaru
- TENET
- Toyota
- Volkswagen

–í—Å–µ 
- Abarth
- AC
- Acura
- Adam
- Adler
- Aito
- Aiways
- Aixam
- Alfa Romeo
- Alpina
- Alpine
- AM General
- Ambertruck
- AMC
- Apal
- Arcfox
- Ariel
- Aro
- Asia
- Aston Martin
- Auburn
- Audi
- Aurus
- Austin
- Austin Healey
- Auto Union
- Autobianchi
- Avatr
- BAIC
- Bajaj
- Baltijas Dzips
- Baojun
- Batmobile
- BAW
- Belgee
- Bentley
- Bertone
- Bestune
- Bilenkin
- Bio Auto
- Bitter
- Blaval
- BMW
- Borgward
- Brabus
- Brilliance
- Bristol
- Bufori
- Bugatti
- Buick
- BYD
- Byvin
- Cadillac
- Callaway
- Carbodies
- Caterham
- Chana
- Changan
- Changfeng
- Changhe
- Chery
- Chevrolet
- Chrysler
- Ciimo (Dongfeng-Honda)
- Citroen
- Cizeta
- Coda
- Coggiola
- Cord
- Cowin
- Cupra
- Dacia
- Dadi
- Daewoo
- Daihatsu
- Daimler
- Dallara
- Datsun
- Dayun
- De Tomaso
- Deco Rides
- Delage
- DeLorean
- Denza
- Derways
- DeSoto
- DKW
- Dodge
- Dongfeng
- Doninvest
- Donkervoort
- DR
- DS
- DW Hower
- E-Car
- Eagle
- Eagle Cars
- Enovate (Enoreve)
- Eonyx
- Everus
- Evolute
- Excalibur
- Exeed
- Facel Vega
- FAW
- Ferrari
- Fiat
- Fisker
- Flanker
- Ford
- Forthing
- Foton
- Franklin
- FSO
- FSR
- Fuqi
- GAC
- GAC Aion
- GAC Trumpchi
- Geely
- Genesis
- Geo
- GMA
- GMC
- Goggomobil
- Gonow
- Gordon
- GP
- Great Wall
- Hafei
- Haima
- Hanomag
- Hanteng
- Haval
- Hawtai
- Hedmos
- Heinkel
- Hennessey
- Hindustan
- HiPhi
- Hispano-Suiza
- Holden
- Honda
- Hongqi
- Horch
- Hozon
- HSV
- Huaihai (Hoann)
- HuangHai
- Huazi
- Hudson
- Humber
- Hummer
- Hycan
- Hyperion
- Hyundai
- iCar
- iCaur
- IM Motors (Zhiji)
- Ineos
- Infiniti
- Innocenti
- International Harvester
- Invicta
- Iran Khodro
- Isdera
- Isuzu
- Iveco
- JAC
- Jaecoo
- Jaguar
- Jeep
- Jensen
- JETOUR
- Jetta
- Jiangnan
- Jidu
- Jinbei
- JMC
- JMEV
- Jonway
- Kaiyi
- Karma
- Kawei
- KGM
- Kia
- Knewstar
- Koenigsegg
- KTM AG
- KYC
- Lada (–í–ê–ó)
- Lamborghini
- Lancia
- Land Rover
- Landwind
- Leapmotor
- Letin
- LEVC
- Lexus
- Li Auto (Lixiang)
- Liebao Motor
- Lifan
- Ligier
- Lincoln
- Lingxi
- Livan
- Logem
- Lotus
- LTI
- Lucid
- Luxeed
- Luxgen
- Lynk & Co
- M-Hero
- Maextro
- Mahindra
- Maple
- Marcos
- Marlin
- Marussia
- Maruti
- Maserati
- Matra
- Maxus
- Maybach
- Mazda
- McLaren
- Mega
- Mercedes-Benz
- Mercury
- Merkur
- Messerschmitt
- Metrocab
- MG
- Micro
- Microcar
- Minelli
- Mini
- Mitsubishi
- Mitsuoka
- Mobilize
- Morgan
- Morris
- Nash
- Nio
- Nissan
- Noble
- Nordcross
- Oldsmobile
- Oltcit
- Omoda
- Opel
- Ora
- Orange
- Osca
- Oshan
- Oting
- Overland
- Packard
- Pagani
- Panoz
- Perodua
- Peugeot
- PGO
- Piaggio
- Pierce-Arrow
- Plymouth
- Polar Stone (Jishi)
- Polestar
- Pontiac
- Porsche
- Premier
- Proton
- Puch
- Puma
- Punk
- Qiantu
- Qingling
- Qoros
- Qvale
- Radar
- Radford
- Ram
- Ravon
- Rayton Fissore
- Reliant
- Renaissance
- Renault
- Renault Samsung
- Rezvani
- Rimac
- Rinspeed
- Rising Auto
- Rivian
- Roewe
- Rolls-Royce
- Ronart
- Rossa
- Rover
- Rox
- Saab
- SAIC
- Saipa
- Saleen
- Sandstorm
- Santana
- Saturn
- Scion
- Scout
- Sears
- SEAT
- Seres
- Shanghai Maple
- ShuangHuan
- Simca
- Skoda
- Skywell
- Skyworth
- Smart
- Solaris
- Sollers
- Soueast
- Spectre
- Spyker
- SsangYong
- Stelato
- Steyr
- Studebaker
- Subaru
- Suzuki
- SWM
- Talbot
- Tank
- Tata
- Tatra
- Tazzari
- TENET
- Tesla
- Thairung
- Think
- Tianma
- Tianye
- Tofas
- Toyota
- Trabant
- Tramontana
- Triumph
- TVR
- Ultima
- Vauxhall
- Vector
- Venturi
- Venucia
- VGV
- VinFast
- Volga
- Volkswagen
- Volvo
- Vortex
- Voyah
- VUHL
- W Motors
- Wanderer
- Wartburg
- Weltmeister
- Westfield
- Wey
- Wiesmann
- Willys
- Wuling
- Xcite
- XEV
- Xiaomi
- Xin Kai
- Xpeng
- Yema
- Yipai
- Yudo
- Yulon
- Zastava
- Zeekr
- Zenos
- Zenvo
- Zhido
- Zibar
- Zotye
- Zubr
- ZX
- –ê–≤—Ç–æ–∫–∞–º
- –ê–º–±–µ—Ä–∞–≤—Ç–æ
- –ê—Ç–æ–º
- –ì–ê–ó
- –ó–ê–ó
- –ó–ò–õ
- –ó–∏–°
- –ò–∂
- –ö–∞–Ω–æ–Ω–∏—Ä
- –ö–æ–º–±–∞—Ç
- –õ—É–ê–ó
- –ú–æ—Å–∫–≤–∏—á
- –†—É—Å—Å–æ-–ë–∞–ª—Ç
- –°–ú–ó
- –°–ø–æ—Ä—Ç–∏–≤–Ω—ã–µ –∞–≤—Ç–æ –∏ —Ä–µ–ø–ª–∏–∫–∏
- –¢–∞–≥–ê–ó
- –£–ê–ó
- –Ø–Ω–¥–µ–∫—Å –†–æ–≤–µ—Ä
- –Å-–º–æ–±–∏–ª—å
"
10,–ü—Ä–∏–Ω—è—Ç–æ.,"[–ü–æ—Å—Ç–∞–≤—â–∏–∫ > –ö–∞—Ä—Ç–æ—á–∫–∞] 1. –í–µ—Ä–Ω—É—Ç—å –≤–∞–ª–∏–¥–∞—Ü–∏—é (–∫—Ä–∞—Å–Ω–∞—è —Ä–∞–º–∫–∞), –µ—Å–ª–∏ —Ü–µ–Ω–∞=0 –∏–ª–∏ –∫–æ–ª-–≤–æ < —Ç—Ä–µ–±—É–µ–º–æ–≥–æ. 2. –í–µ—Ä–Ω—É—Ç—å —Ç–µ–≥–∏-–ø—Ä–µ–¥—É–ø—Ä–µ–∂–¥–µ–Ω–∏—è. 3. Input –∫–æ–ª–∏—á–µ—Å—Ç–≤–∞ ‚Äî —Ç–æ–ª—å–∫–æ —Ü–∏—Ñ—Ä—ã.",,"–î–∞. –í–∞–∂–Ω–æ –æ–±–≤–æ–¥–∏—Ç—å –∫–∞–∫ —Å–∞–º–æ –ø—Ä–æ–±–ª–µ–º–Ω–æ–µ –ø–æ–ª–µ –∫—Ä–∞—Å–Ω—ã–º, —Ç–∞–∫ –∏ –≤—Å—é –ø–æ–∑–∏—Ü–∏—é –∏–∑ –æ—Ñ–µ—Ä–∞, –∏ —á—Ç–æ–±—ã –¥–æ–±–∏—Ç—å –µ—â–µ –ø–æ–∫–∞–∑–∞—Ç—å —Ç–µ–≥–∏",–ü—Ä–∏–Ω—è—Ç–æ.,
11,–ü—Ä–∏–Ω—è—Ç–æ.,[–ü–æ—Å—Ç–∞–≤—â–∏–∫ > –ö–∞—Ä—Ç–æ—á–∫–∞] –í–∞–ª–∏–¥–∞—Ü–∏—è –≤–≤–æ–¥–∞ —Ü–µ–Ω—ã: max=1000000. –ï—Å–ª–∏ –±–æ–ª—å—à–µ -> value=1000000. –ó–∞–ø—Ä–µ—Ç –≤–≤–æ–¥–∞ –±—É–∫–≤.,,,–ü—Ä–∏–Ω—è—Ç–æ.,
12,–ü—Ä–∏–Ω—è—Ç–æ.,[–ü–æ—Å—Ç–∞–≤—â–∏–∫ > –û—Ç–ø—Ä–∞–≤–∫–∞] –õ–æ–≥–∏–∫–∞ –ø–µ—Ä–µ–¥ –æ—Ç–ø—Ä–∞–≤–∫–æ–π: –ü—Ä–æ–≤–µ—Ä–∫–∞ offeredQty < requestedQty. –ï—Å–ª–∏ –¥–∞ -> –ú–æ–¥–∞–ª—å–Ω–æ–µ –æ–∫–Ω–æ ¬´–£–≤–µ—Ä–µ–Ω?¬ª. –î–∞ -> –û—Ç–ø—Ä–∞–≤–∏—Ç—å. –ù–µ—Ç -> –ó–∞–∫—Ä—ã—Ç—å.,,"¬´–¢—ã —É–∫–∞–∑–∞–ª –º–µ–Ω—å—à–µ, —á–µ–º
–Ω—É–∂–Ω–æ, —É–≤–µ—Ä–µ–Ω? –î–∞, –Ω–µ—Ç, –µ—Å–ª–∏ –¥–∞ ‚Äì —Å–æ–∑–¥–∞—Ç—å , –µ—Å–ª–∏ –Ω–µ—Ç ‚Äì –≤–µ—Ä–Ω—É—Ç—å –∫ —Ä–µ–¥–∞–∫—Ç–∏—Ä–æ–≤–∞–Ω–∏—é (–∑–∞–∫—Ä—ã—Ç—å –ø–æ–ø–∞–ø)¬ª¬ª",–ü—Ä–∏–Ω—è—Ç–æ.,
13,"–£—Ç–æ—á–Ω–µ–Ω–∏–µ: –≠—Ç–æ—Ç –±–ª–æ–∫ —Å –∏–Ω—Ñ–æ—Ä–º–∞—Ü–∏–µ–π (VIN/–ö–ª–∏–µ–Ω—Ç) –¥–æ–ª–∂–µ–Ω –±—ã—Ç—å –≤–Ω—É—Ç—Ä–∏ —Ä–∞—Å–∫—Ä—ã–≤–∞—é—â–µ–π—Å—è –∫–∞—Ä—Ç–æ—á–∫–∏ (–∞–∫–∫–æ—Ä–¥–µ–æ–Ω–∞) –∏–ª–∏ –Ω–∞–¥ —Å–ø–∏—Å–∫–æ–º –ø–æ–∑–∏—Ü–∏–π? (–õ–æ–≥–∏—á–Ω–µ–µ –≤–Ω—É—Ç—Ä–∏, —á—Ç–æ–±—ã –Ω–µ –∑–∞–≥—Ä–æ–º–æ–∂–¥–∞—Ç—å —Å–ø–∏—Å–æ–∫).","[–ü–æ—Å—Ç–∞–≤—â–∏–∫ > –ö–∞—Ä—Ç–æ—á–∫–∞] –í—ã–≤–µ—Å—Ç–∏ VIN –≤ –∏–Ω—Ç–µ—Ä—Ñ–µ–π—Å–µ. –£—á–µ—Å—Ç—å, —á—Ç–æ –¥–∞–Ω–Ω—ã–µ –∞–≤—Ç–æ —Ç–µ–ø–µ—Ä—å –ø—Ä–∏—Ö–æ–¥—è—Ç —Å–ª–æ–∂–Ω—ã–º –æ–±—ä–µ–∫—Ç–æ–º (–∏–∑ –ø.9), –∞ –Ω–µ —Å—Ç—Ä–æ–∫–æ–π.",,"–≠—Ç–æ –≤–ª–µ—á–µ—Ç –∑–∞ —Å–æ–±–æ–π –Ω–µ–æ–±—Ö–æ–¥–∏–º–æ—Å—Ç—å —Å–æ–∑–¥–∞–Ω–∏—è –¥–æ–ø –±–ª–æ–∫–∞ –ø—Ä–∏ —Ä–∞—Å–∫—Ä—ã—Ç–∏–∏ –≤ –∫–∞–∂–¥–æ–º –∏–Ω—Ç–µ—Ä—Ñ–µ–π—Å–µ, –∫–ª–∏–µ–Ω—Ç–∞, –ø–æ—Å—Ç–∞–≤—â–∏–∫–∞ –∏ –∞–¥–º–∏–Ω–∞. –ë–ª–æ–∫ –Ω–∞—Ö–æ–¥–∏—Ç—Å—è –º–µ–∂–¥—É —à–∞–ø–∫–æ–π –∏ –Ω–∞—á–∞–ª–æ–º –ø–µ—Ä–µ—á–∏—Å–ª–µ–Ω–∏–µ–º –ø–æ–∑–∏—Ü–∏–π.  –ê–¥–º–∏–Ω –∏ –∫–ª–∏–µ–Ω—Ç –≤–∏–¥–∏—Ç –≤ —ç—Ç–æ–º –±–ª–æ–∫–µ —á—É—Ç—å –±–æ–ª—å—à–µ –∏–Ω—Ñ–æ—Ä–º–∞—Ü–∏–∏, –∫–æ–Ω–∫—Ä–µ—Ç–Ω–æ –æ –∫–ª–∏–µ–Ω—Ç–µ –∏ –µ–≥–æ –Ω–æ–º–µ—Ä–µ","–£—Ç–æ—á–Ω–µ–Ω–∏–µ: –≠—Ç–æ—Ç –±–ª–æ–∫ —Å –∏–Ω—Ñ–æ—Ä–º–∞—Ü–∏–µ–π (VIN/–ö–ª–∏–µ–Ω—Ç) –¥–æ–ª–∂–µ–Ω –±—ã—Ç—å –≤–Ω—É—Ç—Ä–∏ —Ä–∞—Å–∫—Ä—ã–≤–∞—é—â–µ–π—Å—è –∫–∞—Ä—Ç–æ—á–∫–∏ (–∞–∫–∫–æ—Ä–¥–µ–æ–Ω–∞) –∏–ª–∏ –Ω–∞–¥ —Å–ø–∏—Å–∫–æ–º –ø–æ–∑–∏—Ü–∏–π? (–õ–æ–≥–∏—á–Ω–µ–µ –≤–Ω—É—Ç—Ä–∏, —á—Ç–æ–±—ã –Ω–µ –∑–∞–≥—Ä–æ–º–æ–∂–¥–∞—Ç—å —Å–ø–∏—Å–æ–∫).","–¢—ã –¥–æ–ª–∂–µ–Ω –ø–æ–º–Ω–∏—Ç—å –ø—Ä–æ —Ç–æ, —á—Ç–æ –º—ã –¥–µ–ª–∞–µ–º –≤—Å—ë –∫–∞–∫ –±—ã–ª–æ —É–∫–∞–∑–∞–Ω–æ –≤ –ø.8 –ê –≤ –∞–¥–º–∏–Ω–∫–µ –æ–Ω –≤ –ø–ª–∞—à–∫–µ –Ω–∞—Ö–æ–¥–∏—Ç—Å—è. –ê –≤–æ–æ–±—â–µ –¥–∞ - –ø—Ä–∏ —Ä–∞—Å–∫—Ä—ã—Ç–∏–∏ "
14,"–¢–µ—Ö–Ω–∏—á–µ—Å–∫–∏–π –Ω—é–∞–Ω—Å: –°–µ–π—á–∞—Å –º—ã –Ω–µ —Ö—Ä–∞–Ω–∏–º —Å—Å—ã–ª–∫—É –Ω–∞ –õ–∏–¥ –≤ —Ç–∞–±–ª–∏—Ü–µ. –Ø –¥–æ–±–∞–≤–ª—é —Å–∫—Ä—ã—Ç–æ–µ –ø–æ–ª–µ bitrixUrl –≤ JSON –∑–∞–∫–∞–∑–∞ (–ö–æ–ª–æ–Ω–∫–∞ H), —á—Ç–æ–±—ã –±–æ—Ç –º–æ–≥ –µ—ë –æ—Ç—Ç—É–¥–∞ –±—Ä–∞—Ç—å. –û–∫?","[Telegram > –ù–æ–≤–æ–µ –ø—Ä–µ–¥–ª–æ–∂–µ–Ω–∏–µ] –û–±–Ω–æ–≤–∏—Ç—å —à–∞–±–ª–æ–Ω —Å–æ–æ–±—â–µ–Ω–∏—è. –î–æ–±–∞–≤–∏—Ç—å –ø–æ–ª—è: –ê–≤—Ç–æ (–ú–∞—Ä–∫–∞/–ú–æ–¥–µ–ª—å/–ì–æ–¥), –ö–ª–∏–µ–Ω—Ç, –°—Å—ã–ª–∫–∞ –Ω–∞ –õ–∏–¥ –ë–∏—Ç—Ä–∏–∫—Å24.","–°—Å—ã–ª–∫—É –Ω–∞ –ª–∏–¥ –±–µ—Ä–µ–º —Ç—É –∂–µ, —á—Ç–æ —Å–æ–∑–¥–∞–ª–∞—Å—å –ø—Ä–∏ —Å–æ–∑–¥–∞–Ω–∏–∏ –∑–∞–∫–∞–∑–∞?","üí∞ –ù–û–í–û–ï –ü–†–ï–î–õ–û–ñ–ï–ù–ò–ï (‚Ññ1)
–ö –∑–∞–∫–∞–∑—É: ORD-38520
–ü–æ—Å—Ç–∞–≤—â–∏–∫: 123
–ú–∞—à–∏–Ω–∞: {–ú–∞—Ä–∫–∞}{–ú–æ–¥–µ–ª—å}{–≥–æ–¥}
–ö–ª–∏–µ–Ω—Ç: {–ò–º—è}
VIN:
Lead –±–∏—Ç—Ä–∏–∫—Å24","–¢–µ—Ö–Ω–∏—á–µ—Å–∫–∏–π –Ω—é–∞–Ω—Å: –°–µ–π—á–∞—Å –º—ã –Ω–µ —Ö—Ä–∞–Ω–∏–º —Å—Å—ã–ª–∫—É –Ω–∞ –õ–∏–¥ –≤ —Ç–∞–±–ª–∏—Ü–µ. –Ø –¥–æ–±–∞–≤–ª—é —Å–∫—Ä—ã—Ç–æ–µ –ø–æ–ª–µ bitrixUrl –≤ JSON –∑–∞–∫–∞–∑–∞ (–ö–æ–ª–æ–Ω–∫–∞ H), —á—Ç–æ–±—ã –±–æ—Ç –º–æ–≥ –µ—ë –æ—Ç—Ç—É–¥–∞ –±—Ä–∞—Ç—å. –û–∫?","–¥–∞, –º—ã –º–æ–≥–ª–∏ –±—ã –≤–Ω–æ—Å–∏—Ç—å –ø–æ—Å–ª–µ —Ç–æ–≥–æ, –∫–∞–∫ —É–∑–Ω–∞–µ–º —Å—Å—ã–ª–∫—É –Ω–∞ –ª–∏–¥ –≤ JSON. –¢–æ–ª—å–∫–æ –Ω–µ –ø—É—Ç–∞–π, —É –Ω–∞—Å –±–æ—Ç —Å–∞–º —É–∑–Ω–∞–µ—Ç –ª–∏–¥, —ç—Ç–æ —É–∂–µ —Ä–∞–±–æ—Ç–∞–µ—Ç, –ø–æ—Å–º–æ—Ç—Ä–∏ –≤ instruction. –ù–∞–º –Ω—É–∂–Ω–æ —Ç–µ–ø–µ—Ä—å –Ω–∞–æ–±–æ—Ä–æ—Ç –∑–∞–±–∏—Ä–∞—Ç—å —É –±–æ—Ç–∞ –∏ –≤—Å—Ç–∞–≤–ª—è—Ç—å –≤ JSON –ø–æ—Å–ª–µ —Ç–æ–≥–æ, –∫–∞–∫ –æ–Ω —É–∑–Ω–∞–ª —ç—Ç—É —Å—Å—ã–ª–∫—É"
15,"–ü—Ä–∏–Ω—è—Ç–æ. –Ø –ø–µ—Ä–µ–ø–∏—à—É —Å–∫—Ä–∏–ø—Ç GAS, —á—Ç–æ–±—ã –æ–Ω –≥–µ–Ω–µ—Ä–∏—Ä–æ–≤–∞–ª —Ç–µ–∫—Å—Ç –≤ –∫–æ–ª–æ–Ω–∫–µ I –∫–∞–∂–¥—ã–π —Ä–∞–∑ –∑–∞–Ω–æ–≤–æ –Ω–∞ –æ—Å–Ω–æ–≤–µ JSON (–ö–æ–ª–æ–Ω–∫–∏ H), —É—á–∏—Ç—ã–≤–∞—è –≥–∞–ª–æ—á–∫–∏ ¬´–£—Ç–≤–µ—Ä–∂–¥–µ–Ω–æ¬ª.","[Backend/–ü–æ—Å—Ç–∞–≤—â–∏–∫] –ü—Ä–æ–≤–µ—Ä–∏—Ç—å, –ø–æ—á–µ–º—É –≤ –∫–æ–ª–æ–Ω–∫–µ I (–∏–ª–∏ H) –Ω–µ –ø–∏—à—É—Ç—Å—è —Ü–µ–Ω—ã –ø–æ—Å—Ç–∞–≤—â–∏–∫–∞. –£–±–µ–¥–∏—Ç—å—Å—è, —á—Ç–æ JSON —Ö—Ä–∞–Ω–∏—Ç —Å—Ç—Ä—É–∫—Ç—É—Ä—É —Å –Ω–æ–≤—ã–º–∏ –¥–∞–Ω–Ω—ã–º–∏ –∞–≤—Ç–æ.",,"–†–∞–Ω—å—à–µ —ç—Ç–∞ —è—á–µ–π–∫–∞ —Å–æ–¥–µ—Ä–∂–∞–ª–∞ —Ç–∞–∫–æ–π –≤–∏–¥:

{–ú–∞—Ä–∫–∞}{–º–æ–¥–µ–ª—å}{–ì–æ–¥}
‚úÖ –∏–ª–∏ ‚¨ú –∏–ª–∏ | –ö–∞–ø–æ—Ç M-Style | 1 —à—Ç | 5‚ÇΩ (—Ü–µ–Ω–∞ —Å—Ç–∞–≤–∏—Ç—Å—è –≤ —Å–ª—É—á–µ —É—Ç–≤–µ—Ä–∂–¥–µ–Ω–∏—è)
‚úÖ –∏–ª–∏ ‚¨ú –∏–ª–∏ | –§–∞—Ä–∞ Laser Right | 1 —à—Ç | 5‚ÇΩ (—Ü–µ–Ω–∞ —Å—Ç–∞–≤–∏—Ç—Å—è –≤ —Å–ª—É—á–µ —É—Ç–≤–µ—Ä–∂–¥–µ–Ω–∏—è)
‚úÖ –∏–ª–∏ ‚¨ú –∏–ª–∏ | –ö–ª–∏–ø—Å—ã –∫—Ä–µ–ø–ª–µ–Ω–∏—è | 14 —à—Ç | 5‚ÇΩ (—Ü–µ–Ω–∞ —Å—Ç–∞–≤–∏—Ç—Å—è –≤ —Å–ª—É—á–µ —É—Ç–≤–µ—Ä–∂–¥–µ–Ω–∏—è)

‚úÖ - –µ—Å–ª–∏ –∞–¥–º–∏–Ω —É—Ç–≤–µ—Ä–¥–∏–ª, —Ç–æ –≤ —Å—Ç—Ä–æ–∫–µ –û—Ä–¥–µ—Ä–∞, –∫–æ–ª–æ–Ω–∫–∞ I –º—ã –±–µ—Ä–µ–º –¥–∞–Ω–Ω—ã–µ –∏–∑ JSON –≤ –∫–æ–ª–æ–Ω–∫–µ H
‚¨ú- –µ—Å–ª–∏ –∞–¥–º–∏–Ω –µ—â–µ –Ω–µ —É—Ç–≤–µ—Ä–¥–∏–ª, —Ç–æ –≤ —Å—Ç—Ä–æ–∫–µ –û—Ä–¥–µ—Ä–∞, –∫–æ–ª–æ–Ω–∫–∞ I –º—ã –±–µ—Ä–µ–º –¥–∞–Ω–Ω—ã–µ –∏–∑ JSON –≤ –∫–æ–ª–æ–Ω–∫–µ H
 
","–ü—Ä–∏–Ω—è—Ç–æ. –Ø –ø–µ—Ä–µ–ø–∏—à—É —Å–∫—Ä–∏–ø—Ç GAS, —á—Ç–æ–±—ã –æ–Ω –≥–µ–Ω–µ—Ä–∏—Ä–æ–≤–∞–ª —Ç–µ–∫—Å—Ç –≤ –∫–æ–ª–æ–Ω–∫–µ I –∫–∞–∂–¥—ã–π —Ä–∞–∑ –∑–∞–Ω–æ–≤–æ –Ω–∞ –æ—Å–Ω–æ–≤–µ JSON (–ö–æ–ª–æ–Ω–∫–∏ H), —É—á–∏—Ç—ã–≤–∞—è –≥–∞–ª–æ—á–∫–∏ ¬´–£—Ç–≤–µ—Ä–∂–¥–µ–Ω–æ¬ª.",
16,–ü—Ä–∏–Ω—è—Ç–æ.,"[Telegram > –ö–ü –°—Ñ–æ—Ä–º–∏—Ä–æ–≤–∞–Ω–æ] –û–±–Ω–æ–≤–∏—Ç—å —à–∞–±–ª–æ–Ω. –î–æ–±–∞–≤–∏—Ç—å —Å–ø–∏—Å–æ–∫ –ø–æ–∑–∏—Ü–∏–π —Å —Ü–µ–Ω–∞–º–∏ (–∫–∞–∫ –≤ –ø—Ä–∏–º–µ—Ä–µ), –ê–≤—Ç–æ, –°—Å—ã–ª–∫—É –Ω–∞ –õ–∏–¥.",,"–ü–æ–º–µ–Ω—è—Ç—å‚úÖ–ö–ü –°–§–û–†–ú–ò–†–û–í–ê–ù–û:
‚úÖ–ö–ü –°–§–û–†–ú–ò–†–û–í–ê–ù–û
–ó–∞–∫–∞–∑: ORD-38520
–ú–∞—à–∏–Ω–∞: {–ú–∞—Ä–∫–∞}{–ú–æ–¥–µ–ª—å}{–≥–æ–¥}
–ö–ª–∏–µ–Ω—Ç: {–ò–º—è}
VIN:
üìã –ü–û–ó–ò–¶–ò–ò:
‚Ä¢ –ö–∞–ø–æ—Ç M-Style ‚Äî 5‚ÇΩ x 1—à—Ç
‚Ä¢ –§–∞—Ä–∞ Laser Right ‚Äî 15‚ÇΩ x 1—à—Ç
Lead –±–∏—Ç—Ä–∏–∫—Å24",–ü—Ä–∏–Ω—è—Ç–æ.,
17,–ü—Ä–∏–Ω—è—Ç–æ.,[–ü–æ—Å—Ç–∞–≤—â–∏–∫ > –°—Ç–∞—Ç—É—Å—ã] –ò–∑–º–µ–Ω–∏—Ç—å –ª–æ–≥–∏–∫—É –æ—Ç–æ–±—Ä–∞–∂–µ–Ω–∏—è —Å—Ç–∞—Ç—É—Å–∞ –∑–∞–∫–∞–∑–∞ –≤ –∑–∞–≤–∏—Å–∏–º–æ—Å—Ç–∏ –æ—Ç —Ä–µ–∑—É–ª—å—Ç–∞—Ç–∞ –≤—ã–±–æ—Ä–∞ –ê–¥–º–∏–Ω–∞ (–ü–æ–ª–Ω–∞—è –ø–æ–±–µ–¥–∞ / –ß–∞—Å—Ç–∏—á–Ω–∞—è / –û—Ç–∫–∞–∑).,,"–ò–º–µ–ª–æ—Å—å –≤–≤–∏–¥—É —Ç–µ–∫—Å—Ç, –∫–æ—Ç–æ—Ä—ã–π –≤–∏–¥–µ–Ω –≤–Ω–∏–∑—É —Ä–∞–∑–≤–æ—Ä–æ—Ç–∞ –æ—Ä–¥–µ—Ä–∞ 
–í–º–µ—Å—Ç–æ: –ó–ê–ö–ê–ó –û–ë–†–ê–ë–û–¢–ê–ù –ê–î–ú–ò–ù–û–ú. –†–ï–î–ê–ö–¢–ò–†–û–í–ê–ù–ò–ï –ó–ê–ö–†–´–¢–û.
–ï–°–õ–ò –ß–ê–°–¢–ò–ß–ù–û –¢–û: –ó–ê–ö–ê–ó –û–ë–†–ê–ë–û–¢–ê–ù. –ï–°–¢–¨ –ü–û–ó–ò–¶–ò–ò, –ö–û–¢–û–†–´–ï –£–¢–í–ï–†–ñ–î–ï–ù–´ –ö –ü–û–ö–£–ü–ö–ï. –°–í–Ø–ñ–ò–¢–ï–°–¨ –° –ú–ï–ù–ï–î–ñ–ï–†–û–ú
CHINA-NAI
–ï–°–õ–ò –í–´–ò–ì–†–ê–õ–ê –ó–ê–ö–ê–ó –û–ë–†–ê–ë–û–¢–ê–ù. –í–´ –í–´–ò–ì–†–ê–õ–ò –ü–û –í–°–ï–ú –ü–û–ó–ò–¶–ò–Ø–ú. –°–í–Ø–ñ–ò–¢–ï–°–¨ –° –ú–ï–ù–ï–î–ñ–ï–†–û–ú CHINA-NAI.
–ï–°–õ–ò –ù–ï –í–´–ò–ì–†–ê–õ–ê: –ó–ê–ö–ê–ó –û–ë–†–ê–ë–û–¢–ê–ù. –í–ê–®–ï –ü–†–ï–î–†–ï–î–õ–û–ñ–ï–ù–ò–ï –ù–ï –ü–û–î–•–û–î–ò–¢. ",–ü—Ä–∏–Ω—è—Ç–æ.,
18,–ü—Ä–∏–Ω—è—Ç–æ.,[–ê–¥–º–∏–Ω > –ö–∞—Ä—Ç–æ—á–∫–∞] –†–µ–∂–∏–º Read-only –ø–æ —É–º–æ–ª—á–∞–Ω–∏—é. –ö–Ω–æ–ø–∫–∞ ¬´–ò–∑–º–µ–Ω–∏—Ç—å¬ª —Ä–∞–∑–±–ª–æ–∫–∏—Ä—É–µ—Ç –∏–Ω–ø—É—Ç—ã. –ü–æ—Å–ª–µ —Ä–µ–¥–∞–∫—Ç–∏—Ä–æ–≤–∞–Ω–∏—è –∫–Ω–æ–ø–∫–∞ –º–µ–Ω—è–µ—Ç—Å—è –Ω–∞ ¬´–£—Ç–≤–µ—Ä–¥–∏—Ç—å¬ª (—Å–æ—Ö—Ä–∞–Ω–∏—Ç—å).,,"–ü—É—Ç—å: –∞–¥–º–∏–Ω > –∞—Ä—Ö–∏–≤ > –∫–æ–Ω–∫—Ä–µ—Ç–Ω—ã–π –æ—Ä–¥–µ—Ä –≤ —Ä–∞–∑–≤–æ—Ä–æ—Ç–µ: 
–£—Ç–≤–µ—Ä–¥–∏—Ç—å –Ω—É–∂–Ω–∞ –∑–µ–ª–µ–Ω–∞—è –∫–Ω–æ–ø–∫–∞, –∏–∑–Ω–∞—á–∞–ª—å–Ω–æ –∫–Ω–æ–ø–∫–∞ –ò–∑–º–µ–Ω–∏—Ç—å –∑–∞–∫–∞–∑ (—Å–∏–Ω–∏–π)",–ü—Ä–∏–Ω—è—Ç–æ.,
19,"–í–æ–ø—Ä–æ—Å –ª–æ–≥–∏–∫–∏: –ï—Å–ª–∏ —Å—Ç–∞–≤–∏–º —Ñ–ª–∞–≥ ¬´–û—Ç–∫–∞–∑¬ª (–ö–æ–ª–æ–Ω–∫–∞ N = Y), –Ω—É–∂–Ω–æ –ª–∏ –∞–≤—Ç–æ–º–∞—Ç–∏—á–µ—Å–∫–∏ –º–µ–Ω—è—Ç—å —Å—Ç–∞—Ç—É—Å –∑–∞–∫–∞–∑–∞ (–ö–æ–ª–æ–Ω–∫–∞ D) –Ω–∞ CLOSED? –ò–ª–∏ –æ–Ω –æ—Å—Ç–∞–µ—Ç—Å—è OPEN, –Ω–æ –≤–∏–∑—É–∞–ª—å–Ω–æ –ø–æ–º–µ—á–∞–µ—Ç—Å—è –∫–∞–∫ ¬´–ê–Ω–Ω—É–ª–∏—Ä–æ–≤–∞–Ω¬ª?",[–ö–ª–∏–µ–Ω—Ç / –ê–¥–º–∏–Ω] 1. –ö–ª–∏–µ–Ω—Ç: –∫–Ω–æ–ø–∫–∞ ¬´–û—Ç–∫–∞–∑–∞—Ç—å—Å—è¬ª -> –ü–æ–ø–∞–ø -> –ó–∞–ø–∏—Å—å –≤ –Ω–æ–≤—É—é –∫–æ–ª–æ–Ω–∫—É N (¬´Refusal¬ª=Y). 2. –ê–¥–º–∏–Ω: –∫–Ω–æ–ø–∫–∞ ¬´–ê–Ω–Ω—É–ª–∏—Ä–æ–≤–∞—Ç—å¬ª -> –ü–æ–ø–∞–ø -> –ö–æ–ª–æ–Ω–∫–∞ N=Y. –ó–∞–∫–∞–∑ —É—Ö–æ–¥–∏—Ç –≤ –ê—Ä—Ö–∏–≤.,–ù—É–∂–Ω–∞ –ª–∏ –ø—Ä–∏—á–∏–Ω–∞ –æ—Ç–∫–∞–∑–∞ (—Ç–µ–∫—Å—Ç–æ–≤–æ–µ –ø–æ–ª–µ) –∏–ª–∏ –ø—Ä–æ—Å—Ç–æ —Ñ–∞–∫—Ç –æ—Ç–∫–∞–∑–∞?,"–°–ï–ô–ß–ê–° –£ –ö–õ–ò–ï–ù–¢–ê –ù–ï–¢ –í–û–ó–ú–û–ñ–ù–û–°–¢–ò –û–¢–ö–ê–ó–ê–¢–¨–°–Ø –û–¢ –ö–ü, –ù–£–ñ–ù–ê –ö–ù–û–ü–ö–ê –†–Ø–î–û–ú –° –ö–ù–û–ü–ö–û–ô ¬´–ì–û–¢–û–í‚Ä¶¬ª –ö–ù–û–ü–ö–ê
¬´–û–¢–ö–ê–ó–ê–¢–¨–°–Ø¬ª, –ü–†–ò –ù–ê–ñ–ê–¢–ò–ò –ü–û–ü–ê–ü –° –í–û–ü–†–û–°–û–ú –í–´ –£–í–ï–†–ï–ù–´ –ß–¢–û –•–û–¢–ò–¢–ï –û–¢–ö–ê–ó–ê–¢–¨–°–Ø –û–¢ –ö–ü- –î–ê/–ù–ï–¢ –¢–û–ì–î–ê –ù–û–í–ê–Ø
–ö–û–õ–û–ù–ö–ê N ¬´–û–¢–ö–ê–ó¬ª Y/N,  (—Å–µ–π—á–∞—Å —Ç–∞–∫–æ–π –∫–æ–ª–æ–Ω–∫–∏ –Ω–µ—Ç, –Ω–∞–∑–≤–∞–Ω–∏–µ ""–æ—Ç–∫–∞–∑ –æ—Ç –∑–∞–∫–∞–∑–∞""


–ê–î–ú–ò–ù –í –°–í–û–Æ –û–ß–ï–†–ï–î–¨ –¢–ê–ö–ñ–ï –ú–û–ñ–ï–¢ –ü–†–û–°–¢–ê–í–ò–¢–¨ N. –î–õ–Ø –≠–¢–û–ì–û –ï–ú–£ –ù–£–ñ–ù–û
–ê–î–ú–ò–ù>–ê–†–•–ò–í>–û–†–î–ï–†>–†–Ø–î–û–ú –° –ö–ù–û–ü–ö–û–ô –†–ï–î–ê–ö–¢–ò–†–û–í–ê–¢–¨ ¬´–ê–ù–ù–£–õ–ò–†–û–í–ê–¢–¨ –ó–ê–ö–ê–ó¬ª –ü–†–ò –ù–ê–ñ–ê–¢–ò–ò ‚Äì –ü–û–ü–ê–ü –° –í–û–ü–†–û–°–û–ú
–í–´ –£–í–ï–†–ï–ù–´ –ß–¢–û –•–û–¢–ò–¢–ï –ê–ù–ù–£–õ–ò–†–û–í–ê–¢–¨ –ó–ê–ö–ê–ó–ê - –î–ê/–ù–ï–¢. –ï–°–õ–ò –û–¢–ú–ï–ù–ê, –¢–û –£ –ö–õ–ò–ï–ù–¢–ê –≠–¢–û–¢ –û–†–î–ï–† –£–•–û–î–ò–¢ –í –ê–†–•–ò–í.
","–í–æ–ø—Ä–æ—Å –ª–æ–≥–∏–∫–∏: –ï—Å–ª–∏ —Å—Ç–∞–≤–∏–º —Ñ–ª–∞–≥ ¬´–û—Ç–∫–∞–∑¬ª (–ö–æ–ª–æ–Ω–∫–∞ N = Y), –Ω—É–∂–Ω–æ –ª–∏ –∞–≤—Ç–æ–º–∞—Ç–∏—á–µ—Å–∫–∏ –º–µ–Ω—è—Ç—å —Å—Ç–∞—Ç—É—Å –∑–∞–∫–∞–∑–∞ (–ö–æ–ª–æ–Ω–∫–∞ D) –Ω–∞ CLOSED? –ò–ª–∏ –æ–Ω –æ—Å—Ç–∞–µ—Ç—Å—è OPEN, –Ω–æ –≤–∏–∑—É–∞–ª—å–Ω–æ –ø–æ–º–µ—á–∞–µ—Ç—Å—è –∫–∞–∫ ¬´–ê–Ω–Ω—É–ª–∏—Ä–æ–≤–∞–Ω¬ª?","–î–∞, –Ω—É–∂–Ω–æ –∑–∞–∫—Ä—ã–≤–∞—Ç—å –∏ –ª–æ–≥–∏–∫–∞, –µ—Å–ª–∏ –æ—Ç–∫–∞–∑ –≤ –∫–æ–ª–æ–Ω–∫–µ N, —Ç–æ–≥–¥–∞ –≤—ã–¥–µ–ª–∏—Ç—å –≤–µ—Å—å –æ—Ä–¥–µ—Ä –∏ –µ–≥–æ –æ—Ñ–µ—Ä—ã –∫—Ä–∞—Å–Ω—ã–º"
20,–ü—Ä–∏–Ω—è—Ç–æ.,[–ö–ª–∏–µ–Ω—Ç > –í—Ö–æ–¥] –ú–∞—Å–∫–∞ –≤–≤–æ–¥–∞ —Ç–µ–ª–µ—Ñ–æ–Ω–∞: +7 (XXX) XXX-XX-XX. –í–∞–ª–∏–¥–∞—Ü–∏—è –¥–ª–∏–Ω—ã.,,–ò —Ç–æ–ª—å–∫–æ —á–∏—Å–ª–∞,–ü—Ä–∏–Ω—è—Ç–æ.,
21,"–ü—Ä–∏—à–ª–∏—Ç–µ, –ø–æ–∂–∞–ª—É–π—Å—Ç–∞, —Ç–æ—á–Ω—ã–µ –¥–∞–Ω–Ω—ã–µ –¥–ª—è –∑–∞–≥–ª—É—à–µ–∫: –Ω–æ–º–µ—Ä —Ç–µ–ª–µ—Ñ–æ–Ω–∞, —é–∑–µ—Ä–Ω–µ–π–º –¥–ª—è –¢–ì –∏ —Å—Å—ã–ª–∫—É –Ω–∞ MAX (–µ—Å–ª–∏ –µ—Å—Ç—å). –ò–ª–∏ –ø–æ–∫–∞ –ø–æ—Å—Ç–∞–≤–ª—é Wait for data?",[Header] –î–æ–±–∞–≤–∏—Ç—å –±–ª–æ–∫ —Å —Ç–µ–ª–µ—Ñ–æ–Ω–æ–º/Telegram –ø–æ–¥–¥–µ—Ä–∂–∫–∏ –≤ –≤–µ—Ä—Ö–Ω—é—é –ø–∞–Ω–µ–ª—å –ø—Ä–∏–ª–æ–∂–µ–Ω–∏—è.,–ö–∞–∫–∏–µ –∏–º–µ–Ω–Ω–æ –∫–æ–Ω—Ç–∞–∫—Ç—ã —É–∫–∞–∑–∞—Ç—å?,"–ú–æ–∂–Ω–æ –ø—Ä–æ—Å—Ç–æ +79999999, –∏–∫–æ–Ω–∫–∞ –¢–ì, –∏ –º–µ—Å—Å–µ–Ω–¥–∂–µ—Ä–∞ MAX","–ü—Ä–∏—à–ª–∏—Ç–µ, –ø–æ–∂–∞–ª—É–π—Å—Ç–∞, —Ç–æ—á–Ω—ã–µ –¥–∞–Ω–Ω—ã–µ –¥–ª—è –∑–∞–≥–ª—É—à–µ–∫: –Ω–æ–º–µ—Ä —Ç–µ–ª–µ—Ñ–æ–Ω–∞, —é–∑–µ—Ä–Ω–µ–π–º –¥–ª—è –¢–ì –∏ —Å—Å—ã–ª–∫—É –Ω–∞ MAX (–µ—Å–ª–∏ –µ—Å—Ç—å). –ò–ª–∏ –ø–æ–∫–∞ –ø–æ—Å—Ç–∞–≤–ª—é Wait for data?","–ú—ã –ø—Ä–æ—Å—Ç–æ –≤–∏–∑—É–∞–ª—å–Ω–æ –ø–æ–∫–∞–∑—ã–≤–∞–µ–º, –Ω–µ –Ω—É–∂–Ω–æ –∫–æ–Ω–∫—Ä–µ—Ç–∏–∫–∏, –Ω–æ–º–µ—Ä —è –¥–∞–ª, –∞ –æ—Å—Ç–∞–ª—å–Ω–æ–µ –ø—Ä–æ—Å—Ç–æ –±—É—Ç–æ—Ñ–æ—Ä–∏—è "
22,–ü—Ä–∏–Ω—è—Ç–æ.,"[Telegram > –ü–æ–∫—É–ø–∫–∞] –û–±–Ω–æ–≤–∏—Ç—å —à–∞–±–ª–æ–Ω. –î–æ–±–∞–≤–∏—Ç—å —Ä–∞—Å—á–µ—Ç ¬´–ò–¢–û–ì–û¬ª, —Å–ø–∏—Å–æ–∫ –ø–æ–∑–∏—Ü–∏–π, —Ñ—Ä–∞–∑—É ¬´–°–∫–æ–Ω–≤–µ—Ä—Ç–∏—Ä—É–π—Ç–µ –ª–∏–¥ –≤ —Å–¥–µ–ª–∫—É¬ª.",,"–ü–æ–º–µ–Ω—è—Ç—åüõç–ö–õ–ò–ï–ù–¢ –ì–û–¢–û–í –ö–£–ü–ò–¢–¨
üõç–ö–õ–ò–ï–ù–¢ –ì–û–¢–û–í –ö–£–ü–ò–¢–¨
–ó–∞–∫–∞–∑: ORD-38520
–ú–∞—à–∏–Ω–∞: {–ú–∞—Ä–∫–∞}{–ú–æ–¥–µ–ª—å}{–≥–æ–¥}
–ö–ª–∏–µ–Ω—Ç: {–ò–º—è}
VIN:
üìã –ü–û–ó–ò–¶–ò–ò:
‚Ä¢ –ö–∞–ø–æ—Ç M-Style ‚Äî 5‚ÇΩ x 1—à—Ç
‚Ä¢ –§–∞—Ä–∞ Laser Right ‚Äî 15‚ÇΩ x 1—à—Ç
–ò–¢–û–ì–û: 20 —Ä—É–±.
Lead –±–∏—Ç—Ä–∏–∫—Å24, —Å–∫–æ–Ω–≤–µ—Ä—Ç–∏—Ä—É–π—Ç–µ –ª–∏–¥ –≤ —Å–¥–µ–ª–∫—É",–ü—Ä–∏–Ω—è—Ç–æ.,
23,"–ü–æ–Ω—è–ª. –†–µ–∞–ª–∏–∑—É—é –ª–æ–≥–∏–∫—É ¬´Admin-prefix¬ª: –µ—Å–ª–∏ –µ—Å—Ç—å AdminModel, –ø–æ–∫–∞–∑—ã–≤–∞–µ–º –µ—ë, –∏–Ω–∞—á–µ Model. –†–∞–±–æ—Ç–∞–µ—Ç –¥–ª—è –≤—Å–µ—Ö —Å–≤–æ–π—Å—Ç–≤ –æ–±—ä–µ–∫—Ç–∞ car –∏ items.",[–ê–¥–º–∏–Ω > –†–µ–¥–∞–∫—Ç–∏—Ä–æ–≤–∞–Ω–∏–µ] –ü–æ–∑–≤–æ–ª–∏—Ç—å –∞–¥–º–∏–Ω—É –ø—Ä–∞–≤–∏—Ç—å –Ω–∞–∑–≤–∞–Ω–∏–µ –¥–µ—Ç–∞–ª–∏. –°–æ—Ö—Ä–∞–Ω—è—Ç—å –∫–∞–∫ adminTitle –≤ JSON. –ü–æ—Å—Ç–∞–≤—â–∏–∫ –¥–æ–ª–∂–µ–Ω –≤–∏–¥–µ—Ç—å adminTitle –≤–º–µ—Å—Ç–æ –æ—Ä–∏–≥–∏–Ω–∞–ª—å–Ω–æ–≥–æ name.,–û—Ä–∏–≥–∏–Ω–∞–ª—å–Ω–æ–µ –Ω–∞–∑–≤–∞–Ω–∏–µ –∫–ª–∏–µ–Ω—Ç–∞ –æ—Å—Ç–∞–≤–ª—è–µ–º –¥–ª—è –∏—Å—Ç–æ—Ä–∏–∏ –∏–ª–∏ –∑–∞—Ç–∏—Ä–∞–µ–º? (–ü—Ä–µ–¥–ª–∞–≥–∞—é –æ—Å—Ç–∞–≤–ª—è—Ç—å –¥–ª—è –∏—Å—Ç–æ—Ä–∏–∏).,"[{""name"":""–ö–∞–ø–æ—Ç M-Style"",""quantity"":1,""color"":""–ß–µ—Ä–Ω—ã–π"",""category"":""–û—Ä–∏–≥–∏–Ω–∞–ª"",""refImage"":"""",""car"":{""model"":""Audi A6 C8"",""bodyType"":""–£–Ω–∏–≤–µ—Ä—Å–∞–ª"",""year"":""2021"",""engine"":""3.0 TDI"",""transmission"":""S-tronic""}},{""name"":""–§–∞—Ä–∞ Laser Right"",""quantity"":1,""color"":"""",""category"":""–ë/–£"",""refImage"":"""",""car"":{""model"":""Audi A6 C8"",""bodyType"":""–£–Ω–∏–≤–µ—Ä—Å–∞–ª"",""year"":""2021"",""engine"":""3.0 TDI"",""transmission"":""S-tronic""}},{""name"":""–ö–ª–∏–ø—Å—ã –∫—Ä–µ–ø–ª–µ–Ω–∏—è"",""quantity"":28,""color"":"""",""category"":""–ê–Ω–∞–ª–æ–≥"",""refImage"":"""",""car"":{""model"":""Audi A6 C8"",""bodyType"":""–£–Ω–∏–≤–µ—Ä—Å–∞–ª"",""year"":""2021"",""engine"":""3.0 TDI"",""transmission"":""S-tronic""}}]

–í—ã—à–µ - JSON –æ—Ç –∫–ª–∏–µ–Ω—Ç–∞. –ï—Å–ª–∏ –∞–¥–º–∏–Ω –≤–Ω–æ—Å–∏—Ç —Ö–æ—Ç—å –∫–∞–∫–∏–µ-–ª–∏–±–æ –ø—Ä–∞–≤–∫–∏, –Ω–∞–ø—Ä–∏–º–µ—Ä –∏–∑–º–µ–Ω–∏–ª –º–æ–¥–µ–ª—å, —Ç–æ–≥–¥–∞ –º—ã –¥–æ—Å–æ–∑–¥–∞–µ–º –≤ —ç—Ç–æ–π —è—á–µ–π–∫–µ —Ä–∞–∑–¥–µ–ª –∞–¥–º–∏–Ω–∞ –∏ —É–Ω–∏–∫–∞–ª–∏–∑–∏—Ä—É–µ–º –∑–Ω–∞—á–µ–Ω–∏–µ —á–µ—Ä–µ–∑ –ø—Ä–∏—Å–æ–µ–¥–∏–Ω–µ–Ω–∏–µ –∫ –æ—Ä–∏–≥–∏–Ω–∞–ª—É Admin. –ö–æ–Ω–∫—Ä–µ—Ç–Ω—ã–π –ø—Ä–∏–º–µ—Ä: 
–ê–¥–º–∏–Ω –ø–æ–º–µ–Ω—è–ª Audi A6 –Ω–∞ Audi , —Ç–æ–≥–¥–∞ –≤ —Å—É—â–Ω–æ—Å—Ç—è—Ö JSON 
–û—Å—Ç–∞–µ—Ç—Å—è {""model"":""Audi A6, –Ω–æ –¥–æ–±–∞–≤–ª—è–µ—Ç—Å—è {""AdminModel"":""Audi A6. –ò —É–∂–µ –∫–∞–∫ —Ä–∞–∑ –æ–Ω–æ –±—É–¥–µ—Ç –∫–æ–Ω–µ—á–Ω—ã–º –∏ –æ—Ç–æ–±—Ä–∞–∂–∞—Ç—å—Å—è —É –ø–æ—Å—Ç–∞–≤—â–∏–∫–∞ –∏ –∞–¥–º–∏–Ω–∞ –≤ –ø–æ–∑–∏—Ü–∏—è—Ö (–∏–∑–º–µ–Ω–∏—Ç—å –∞–¥–º–∏–Ω –º–æ–∂–µ—Ç —Å–≤–æ–π—Å—Ç–≤–æ –∏–ª–∏ –Ω–∞–∏–º–µ–Ω–æ–≤–∞–Ω–∏–µ –ø–æ–∑–∏—Ü–∏–∏, –≤ –æ–±—â–µ–º –≤—Å–µ —Å–≤–æ–π—Å—Ç–≤–∞ –æ—Ä–¥–µ—Ä–∞)","–ü–æ–Ω—è–ª. –†–µ–∞–ª–∏–∑—É—é –ª–æ–≥–∏–∫—É ¬´Admin-prefix¬ª: –µ—Å–ª–∏ –µ—Å—Ç—å AdminModel, –ø–æ–∫–∞–∑—ã–≤–∞–µ–º –µ—ë, –∏–Ω–∞—á–µ Model. –†–∞–±–æ—Ç–∞–µ—Ç –¥–ª—è –≤—Å–µ—Ö —Å–≤–æ–π—Å—Ç–≤ –æ–±—ä–µ–∫—Ç–∞ car –∏ items.",
24,–ü—Ä–∏–Ω—è—Ç–æ.,[–ü–æ—Å—Ç–∞–≤—â–∏–∫ > –°–ø–∏—Å–æ–∫] –¢–µ–∫—Å—Ç–æ–≤–∞—è –ø—Ä–∞–≤–∫–∞: —Å–æ–∫—Ä–∞—Ç–∏—Ç—å —Å—Ç–∞—Ç—É—Å ¬´–ù–∞ –ø—Ä–æ–≤–µ—Ä–∫–µ –∞–¥–º–∏–Ω–æ–º¬ª –¥–æ ¬´–ù–∞ –ø—Ä–æ–≤–µ—Ä–∫–µ¬ª.,,,–ü—Ä–∏–Ω—è—Ç–æ.,